{
  "2": {
    "ti": [-0.5773502692, 0.5773502692],
    "wi": [1, 1],
    "Rn": {
      "1/coef": 135,
      "deri_rank": 4
    }
  },
  "3": {
    "ti": [-0.774596692, 0, 0.774596692],
    "wi": [0.5555555556, 0.8888888889, 0.5555555556],
    "Rn": {
      "1/coef": 15750,
      "deri_rank": 6
    }
  },
  "4": {
    "ti": [-0.8611363116, -0.3399810436, 0.3399810436, 0.8611363116],
    "wi": [0.3478548451, 0.6521451549, 0.6521451549, 0.3478548451],
    "Rn": {
      "1/coef": 3472875,
      "deri_rank": 8
    }
  },
  "5": {
    "ti": [-0.9061798459, -0.5384693101, 0, 0.5384693101, 0.9061798459],
    "wi": [0.2369268851, 0.4786286705, 0.5688888889, 0.4786286705, 0.2369268851],
    "Rn": {
      "1/coef": 1237732650,
      "deri_rank": 10
    }
  },
  "6": {
    "ti": [-0.9324695142, -0.6612093865, -0.2386191861, 0.2386191861, 0.6612093865, 0.9324695142],
    "wi": [0.1713244924, 0.3607615730, 0.4679139346, 0.4679139346, 0.3607615730, 0.1713244924],
    "Rn": {
      "1/coef": 648984486150,
      "deri_rank": 12
    }
  },
  "7": {
    "ti": [-0.9491079123, -0.7415311856, -0.4058451514, 0, 0.4058451514, 0.7415311856, 0.9491079123],
    "wi": [0.1294849662, 0.2797053915, 0.3818300505, 0.4179591837, 0.3818300505, 0.2797053915, 0.1294849662],
    "Rn": {
      "1/coef": 470050192111500,
      "deri_rank": 14
    }
  }
}